model,Position,rmse,mae,count
GBM,1,9997201.173803823,7788967.302828988,66
GBM,2,8591757.9723172,6511433.147678044,63
GBM,3,13260506.842240445,9124443.645629786,65
Linear,1,15524851.713524431,10733195.473000748,66
Linear,2,11106725.544277959,9060712.140286123,63
Linear,3,13625020.913979735,9214948.866296299,65
RandomForest,1,11874301.237696052,9104978.93939394,66
RandomForest,2,8690507.493311856,6460506.825396826,63
RandomForest,3,12666203.846226504,8483095.384615384,65
