model,rmse_vs_fee
GBM,10811536.17269949
RandomForest,11236018.288743865
Linear,13574100.610557573
