model,rmse_cv,rmse_test,mae_test,rmse_vs_fee
LightGBM_QR,10466305.829939391,10783878.719786659,7505186.265980671,10783878.719786659
LightGBM,10533061.369433872,11706938.390607068,8027739.93799418,11706938.390607068
GBM,10539452.71030032,10939723.201108754,7876452.102327879,10939723.201108754
RandomForest,10756344.325936293,11253319.205301655,8054475.0,11253319.205301655
CatBoost,10824646.453255534,10770303.47264624,7721209.975342419,10770303.47264624
XGBoost,11111659.507425519,10988987.954640802,7782300.07941366,10988987.954640802
Ridge,22788613.512395658,12854223.488956416,9544185.535092961,12854223.488956416
Lasso,23579049.073086224,13663999.300817693,9661454.363901207,13663999.300817693
Linear,28571938.25494604,12890915.311034542,9424576.005988399,12890915.311034542
