Model,RMSE,MAE,R²
MLR,13574100.610558,9681378.568893,0.503910
RF,11236018.288744,8037844.020619,0.660091
GBM,10811536.172699,7821551.377610,0.685288
