,MLR,RF,GBM
Model 1,,,
Model 2,,,
Model 3,13574100.610558,11236018.288744,10811536.172699
